"ESTADO","NOMBRE ESTADO","DISTRITO","CABECERA DISTRITAL","SECCIONES","CASILLAS"," PAN"," PRI"," PRD"," PC"," PT"," PVEM"," PPS"," PDM"," CANDIDATOS NO REGISTRADOS"," NULOS","TOTAL VOTOS","LISTA NOMINAL"
"1","AGUASCALIENTES","1","Jesús María","149","279","22,996","40,287","9,244","1,062","1,270","2,089","200","510","9","2,161","79,828","147,288"
"1","AGUASCALIENTES","2","Aguascalientes","164","318","42,985","40,697","13,792","1,231","2,009","5,311","367","761","46","2,830","110,029","172,246"
"1","AGUASCALIENTES","3","Aguascalientes","173","316","38,021","40,214","14,147","1,443","1,649","4,756","284","799","38","2,688","104,039","166,889"
"2","BAJA CALIFORNIA","1","Mexicali","244","399","41,380","45,323","16,166","883","960","3,981","458","359","23","4,096","113,629","204,022"
"2","BAJA CALIFORNIA","2","Mexicali","239","424","49,685","40,698","11,701","686","1,096","4,666","520","369","26","3,878","113,325","210,603"
"2","BAJA CALIFORNIA","3","Ensenada","277","483","47,846","40,735","22,827","1,395","3,058","4,090","439","519","15","4,212","125,136","239,471"
"2","BAJA CALIFORNIA","4","Tijuana","182","366","43,872","28,387","11,191","652","2,871","3,718","190","323","497","2,624","94,325","201,827"
"2","BAJA CALIFORNIA","5","Tijuana","204","369","36,048","25,920","8,790","488","1,211","3,248","223","285","20","2,215","78,448","188,740"
"2","BAJA CALIFORNIA","6","Tijuana","222","375","34,355","28,509","8,556","547","1,132","3,632","216","292","17","3,161","80,417","187,004"
"3","BAJA CALIFORNIA SUR","1","Santa Rosalía","131","186","13,066","16,861","5,921","140","432","417","60","97","2","659","37,655","67,666"
"3","BAJA CALIFORNIA SUR","2","La Paz","221","325","8,827","39,900","8,200","248","17,954","2,045","213","236","14","1,781","79,418","142,391"
"4","CAMPECHE","1","Campeche","255","394","13,494","52,227","36,893","445","10,775","1,259","272","659","47","4,603","120,674","176,314"
"4","CAMPECHE","2","Ciudad del Carmen","234","369","3,424","46,709","38,461","353","2,455","565","209","136","13","3,174","95,499","160,622"
"5","COAHUILA","1","Piedras Negras","231","383","21,087","33,096","12,067","1,505","1,808","1,041","333","173","5","1,476","72,591","187,861"
"5","COAHUILA","2","San Pedro","208","315","9,737","32,747","12,570","3,665","798","498","96","138","8","1,136","61,393","143,241"
"5","COAHUILA","3","Monclova","259","400","22,729","41,683","9,689","489","794","644","130","61","12","938","77,169","192,588"
"5","COAHUILA","4","Saltillo","225","357","21,287","36,131","8,717","2,323","2,199","2,111","160","247","9","1,404","74,588","168,643"
"5","COAHUILA","5","Torreón","204","363","30,184","42,254","16,087","1,603","1,942","1,769","294","270","7","1,381","95,791","190,570"
"5","COAHUILA","6","Torreón","183","338","40,337","37,630","11,594","1,755","1,958","2,432","220","229","6","1,575","97,736","185,469"
"5","COAHUILA","7","Saltillo","201","354","20,864","43,521","6,247","2,741","1,758","2,100","268","356","5","1,458","79,318","171,882"
"6","COLIMA","1","Colima","169","308","45,927","36,851","19,462","750","753","1,340","480","849","17","2,760","109,189","149,129"
"6","COLIMA","2","Manzanillo","167","298","28,779","35,696","18,967","843","784","921","362","1,023","24","2,256","89,655","144,255"
"7","CHIAPAS","1","Palenque","160","341","3,992","29,961","8,986","453","764","406","86","101","60","3,016","47,825","170,243"
"7","CHIAPAS","2","Pichucalco","155","274","6,985","26,893","11,676","637","1,796","467","106","109","8","3,343","52,020","138,751"
"7","CHIAPAS","3","Ocosingo","150","291","1,007","23,408","8,769","208","492","257","75","75",,"2,988","37,279","150,209"
"7","CHIAPAS","4","Ocosocoautla de Espinosa","162","272","7,402","21,426","8,520","1,092","4,006","602","79","86","12","1,731","44,956","143,316"
"7","CHIAPAS","5","San Cristóbal de las Casas","179","305","8,228","30,723","8,111","994","878","894","83","116","385","4,055","54,467","158,958"
"7","CHIAPAS","6","Chiapa de Corzo","155","283","12,643","25,193","13,558","645","1,356","542","182","130","27","2,921","57,197","151,529"
"7","CHIAPAS","7","Tonalá","156","291","7,510","22,371","17,104","492","958","416","58","64","12","1,678","50,663","145,261"
"7","CHIAPAS","8","Comitán de Domínguez","151","261","3,204","27,231","10,765","296","535","523","97","108","195","3,049","46,003","134,695"
"7","CHIAPAS","9","Tuxtla Gutiérrez","153","365","17,062","24,931","25,286","587","4,044","1,911","156","163","390","2,024","76,554","212,868"
"7","CHIAPAS","10","Motozintla de Mendoza","150","239","1,258","23,988","13,210","173","904","236","248","48","10","2,620","42,695","119,411"
"7","CHIAPAS","11","Huixtla","142","260","5,978","23,438","18,731","350","2,329","357","85","231","21","2,488","54,008","130,299"
"7","CHIAPAS","12","Tapachula","215","358","5,588","33,818","37,762","615","2,263","1,130","174","160","256","4,374","86,140","190,205"
"8","CHIHUAHUA","1","Nuevo Casas Grandes","326","367","32,738","32,084","10,496","464","2,357","854","140","116","2","2,072","81,323","147,398"
"8","CHIHUAHUA","2","Ciudad Juárez","280","373","42,516","35,869","10,449","718","1,087","3,681","180","373","47","3,321","98,241","195,107"
"8","CHIHUAHUA","3","Ciudad Juárez","246","372","46,802","37,937","11,562","827","2,510","4,410","127","267","8","2,904","107,354","201,494"
"8","CHIHUAHUA","4","Ciudad Juárez","249","388","41,342","39,961","10,473","972","4,193","3,710","214","303","6","4,072","105,246","201,381"
"8","CHIHUAHUA","5","Delicias","326","445","43,975","46,128","10,020","539","2,851","1,656","449","264","20","2,697","108,599","198,257"
"8","CHIHUAHUA","6","Chihuahua","257","403","49,766","54,654","11,885","415","2,800","3,449","333","308","12","2,205","125,827","208,512"
"8","CHIHUAHUA","7","Cuauhtémoc","428","503","32,525","42,749","8,158","372","744","1,153","276","221","7","3,163","89,368","172,020"
"8","CHIHUAHUA","8","Chihuahua","253","385","43,495","43,774","11,621","677","2,962","3,801","307","476","4","2,581","109,698","191,957"
"8","CHIHUAHUA","9","Hidalgo del Parral","328","408","31,815","40,001","6,506","416","1,452","2,210","165","277","8","3,096","85,946","168,699"
"9","DISTRITO FEDERAL","1","Gustavo A. Madero","215","411","23,469","31,942","62,131","3,608","4,281","12,634","504","877","9","4,062","143,517","221,440"
"9","DISTRITO FEDERAL","2","Gustavo A. Madero","173","331","28,511","26,133","45,475","1,788","1,633","10,485","403","579","22","2,233","117,262","171,730"
"9","DISTRITO FEDERAL","3","Azcapotzalco","195","354","25,270","30,078","52,947","2,048","1,572","11,447","417","783","36","2,447","127,045","189,000"
"9","DISTRITO FEDERAL","4","Gustavo A. Madero","180","347","22,047","26,856","48,189","1,944","1,503","16,593","331","908","21","2,617","121,009","181,557"
"9","DISTRITO FEDERAL","5","Azcapotzalco","168","328","21,903","31,283","53,247","1,932","1,732","10,034","456","595","28","2,599","123,809","182,807"
"9","DISTRITO FEDERAL","6","Gustavo A. Madero","177","361","16,525","30,977","64,689","2,365","1,724","10,288","453","1,196","18","3,104","131,339","202,243"
"9","DISTRITO FEDERAL","7","Gustavo A. Madero","172","351","22,311","32,218","57,866","2,473","1,959","11,701","448","713","11","2,789","132,489","195,828"
"9","DISTRITO FEDERAL","8","Cuauhtémoc","195","387","19,708","36,253","60,515","2,587","1,883","11,844","411","787","35","3,424","137,447","215,232"
"9","DISTRITO FEDERAL","9","Venustiano Carranza","156","306","20,756","29,373","48,966","2,101","1,705","10,315","376","644","10","2,935","117,181","174,579"
"9","DISTRITO FEDERAL","10","Miguel Hidalgo","196","362","34,342","34,699","41,766","1,614","1,493","10,191","272","498","13","2,622","127,510","193,632"
"9","DISTRITO FEDERAL","11","Venustiano Carranza","181","347","19,598","30,663","58,494","2,088","3,182","10,863","447","839","13","2,998","129,185","193,644"
"9","DISTRITO FEDERAL","12","Cuauhtémoc","194","371","29,183","28,723","52,199","2,540","1,887","12,318","449","743","27","2,809","130,878","198,693"
"9","DISTRITO FEDERAL","13","Iztacalco","198","385","18,214","31,879","65,191","2,509","2,668","11,279","496","765","22","3,473","136,496","205,660"
"9","DISTRITO FEDERAL","14","Iztacalco","165","325","26,776","27,838","53,292","2,817","2,065","12,059","392","610","25","2,734","128,608","186,890"
"9","DISTRITO FEDERAL","15","Benito Juárez","190","385","49,436","30,897","48,948","1,922","1,543","12,277","359","487","14","2,143","148,026","213,435"
"9","DISTRITO FEDERAL","16","Alvaro Obregón","160","319","18,204","30,232","50,032","2,154","2,062","10,766","407","858","23","3,036","117,774","171,714"
"9","DISTRITO FEDERAL","17","Cuajimalpa","156","305","16,757","27,953","50,281","2,063","2,085","9,347","421","795","4","3,080","112,786","168,179"
"9","DISTRITO FEDERAL","18","Iztapalapa","204","391","17,957","33,991","65,890","2,057","2,773","11,095","426","740","405","3,425","138,759","206,685"
"9","DISTRITO FEDERAL","19","Iztapalapa","174","344","14,998","33,779","61,880","1,731","2,006","9,824","503","698","18","2,837","128,274","193,750"
"9","DISTRITO FEDERAL","20","Iztapalapa","212","403","24,742","34,853","67,118","2,444","2,250","12,536","459","691","15","3,122","148,230","216,887"
"9","DISTRITO FEDERAL","21","Alvaro Obregón","204","361","40,057","25,179","47,396","2,074","1,968","11,748","376","615","13","2,228","131,654","188,318"
"9","DISTRITO FEDERAL","22","Iztapalapa","198","410","12,814","34,484","70,242","1,843","2,526","9,489","400","728","51","3,965","136,542","217,737"
"9","DISTRITO FEDERAL","23","Coyoacán","187","390","26,390","28,003","73,118","2,228","2,443","12,956","434","756","23","3,340","149,691","219,251"
"9","DISTRITO FEDERAL","24","Coyoacán","177","369","33,921","29,981","62,758","2,297","2,459","13,360","406","600","34","2,211","148,027","207,819"
"9","DISTRITO FEDERAL","25","Iztapalapa","215","410","17,078","35,852","71,934","2,519","2,471","11,366","420","706","46","3,664","146,056","223,797"
"9","DISTRITO FEDERAL","26","Magdalena Contreras","187","347","18,936","28,562","58,592","4,601","2,278","10,039","492","659","19","3,496","127,674","186,834"
"9","DISTRITO FEDERAL","27","Tláhuac","177","360","10,624","33,279","69,070","2,700","1,978","7,548","368","564","48","3,285","129,464","199,997"
"9","DISTRITO FEDERAL","28","Xochimilco","174","360","18,600","25,738","71,757","2,667","2,163","8,425","772","668","18","3,031","133,839","203,209"
"9","DISTRITO FEDERAL","29","Tlalpan","179","329","19,474","22,740","60,204","2,203","1,632","9,686","614","552","39","2,794","119,938","175,934"
"9","DISTRITO FEDERAL","30","Tlalpan","175","338","27,227","27,531","56,536","1,676","1,243","9,764","541","462","13","2,298","127,291","183,504"
"10","DURANGO","1","Santiago Papasquiaro","378","435","14,319","33,580","2,411","366","9,241","575","198","126","369","1,539","62,724","119,946"
"10","DURANGO","2","Gómez Palacio","238","371","26,451","30,128","19,885","753","7,613","1,478","698","346","14","1,669","89,035","176,893"
"10","DURANGO","3","Lerdo","303","405","19,986","35,013","8,314","270","10,110","777","142","195","20","1,590","76,417","157,126"
"10","DURANGO","4","Victoria de Durango","263","371","15,851","30,756","4,745","496","29,191","1,623","236","265","27","2,005","85,195","164,282"
"10","DURANGO","5","Victoria de Durango","199","330","20,185","22,218","7,348","397","37,778","2,201","506","276","14","2,374","93,297","168,966"
"11","GUANAJUATO","1","Dolores Hidalgo","188","272","26,983","33,020","9,603","685","964","1,138","290","9,381","30","4,469","86,563","134,402"
"11","GUANAJUATO","2","San Miguel de Allende","263","370","43,058","34,533","17,135","786","8,783","1,591","435","2,255","104","7,291","115,971","169,195"
"11","GUANAJUATO","3","León","214","380","79,844","43,278","7,843","420","1,614","3,848","282","2,140","25","3,566","142,860","200,403"
"11","GUANAJUATO","4","Guanajuato","171","274","34,339","37,876","9,134","519","763","1,982","236","2,538","36","2,573","89,996","143,750"
"11","GUANAJUATO","5","León","197","359","79,433","41,268","6,402","372","1,249","3,544","313","2,854","36","3,487","138,958","196,354"
"11","GUANAJUATO","6","León","187","325","67,156","39,567","7,603","442","1,153","3,228","220","2,020","12","2,725","124,126","177,202"
"11","GUANAJUATO","7","San Francisco del Rincón","199","278","32,077","31,539","8,357","1,633","489","974","105","1,019","18","2,380","78,591","130,447"
"11","GUANAJUATO","8","Salamanca","190","323","36,640","33,841","17,624","583","1,599","15,373","767","4,233","32","2,936","113,628","166,199"
"11","GUANAJUATO","9","Irapuato","249","445","76,502","44,633","13,451","1,234","1,356","2,117","243","1,050","17","3,801","144,404","230,938"
"11","GUANAJUATO","10","Apaseo el Grande","166","268","28,402","28,418","7,719","338","761","9,937","122","4,427","17","3,327","83,468","131,392"
"11","GUANAJUATO","11","Pénjamo","177","275","20,087","30,726","14,498","5,322","5,873","990","122","398","27","3,003","81,046","134,288"
"11","GUANAJUATO","12","Celaya","231","382","57,735","41,104","12,401","1,456","1,719","4,828","355","6,077","34","3,246","128,955","197,732"
"11","GUANAJUATO","13","Valle de Santiago","156","272","29,919","26,277","23,172","469","1,505","3,689","401","1,402","35","2,738","89,607","140,470"
"11","GUANAJUATO","14","Acámbaro","203","291","16,916","26,474","27,671","1,034","658","1,127","198","1,591","40","3,488","79,197","131,373"
"11","GUANAJUATO","15","Salvatierra","212","324","34,976","36,695","18,369","333","954","1,664","321","2,949","42","2,778","99,081","162,163"
"12","GUERRERO","1","Coyuca de Catalán","332","373","1,896","33,701","27,862","459","326","169","87","31","2","969","65,502","128,427"
"12","GUERRERO","2","Taxco de Alarcón","358","415","11,173","28,567","19,256","422","452","1,036","354","407","18","1,483","63,168","128,838"
"12","GUERRERO","3","José Azueta","346","434","1,709","34,688","37,722","392","531","485","285","91","30","1,343","77,276","156,481"
"12","GUERRERO","4","Iguala","251","341","2,469","33,944","29,686","354","1,448","982","221","157","16","1,658","70,935","140,098"
"12","GUERRERO","5","Tlapa de Comonfort","218","272","1,007","22,898","18,387","473","662","256","74","130","13","1,985","45,885","103,537"
"12","GUERRERO","6","Chilapa de Alvarez","301","358","1,356","29,967","14,769","971","1,539","1,447","166","417","29","3,041","53,702","127,320"
"12","GUERRERO","7","Chilpancingo de los Bravo","249","365","2,465","31,497","35,640","2,413","1,652","1,511","742","227","29","1,802","77,978","160,506"
"12","GUERRERO","8","Ometepec","321","399","2,122","37,719","25,930","1,953","2,160","461","101","303","36","2,677","73,462","149,491"
"12","GUERRERO","9","Acapulco","199","361","4,831","29,116","34,172","1,694","1,122","1,482","451","228","574","2,128","75,798","185,081"
"12","GUERRERO","10","Acapulco","184","351","9,648","28,770","42,490","977","1,187","2,592","368","386","5","1,761","88,184","178,616"
"13","HIDALGO","1","Huejutla de Reyes","267","342","6,273","53,217","14,842","1,441","1,092","1,107","227","254","10","5,724","84,187","156,478"
"13","HIDALGO","2","Ixmiquilpan","371","449","6,956","57,427","22,544","846","1,069","1,942","195","222","3","4,401","95,605","171,324"
"13","HIDALGO","3","Atotonilco el Grande","281","372","8,704","42,839","22,143","646","1,233","1,742","428","276","34","2,267","80,312","165,673"
"13","HIDALGO","4","Tulancingo","195","310","38,780","31,933","9,118","518","1,065","1,160","233","161","181","3,082","86,231","153,019"
"13","HIDALGO","5","Tula de Allende","204","351","8,410","49,838","43,626","447","1,913","1,870","127","261","11","1,862","108,365","179,501"
"13","HIDALGO","6","Pachuca de Soto","191","333","17,637","42,624","29,379","1,187","2,245","5,440","274","624","14","2,660","102,084","172,187"
"13","HIDALGO","7","Tepeapulco","198","330","14,882","37,649","26,570","706","8,398","3,290","266","416","26","2,563","94,766","167,096"
"14","JALISCO","1","Colotlán","194","313","28,924","37,895","14,820","990","650","1,869","298","284","30","2,274","88,034","145,350"
"14","JALISCO","2","Lagos de Moreno","211","344","39,632","36,538","6,633","446","1,679","1,985","306","9,047","40","3,635","99,941","166,835"
"14","JALISCO","3","Tepatitlán de Morelos","203","335","58,250","36,125","4,747","303","786","2,377","255","2,411","17","4,338","109,609","165,494"
"14","JALISCO","4","Zapopan","138","316","43,748","40,209","15,942","613","1,720","5,257","343","685","49","2,924","111,490","182,081"
"14","JALISCO","5","Puerto Vallarta","187","327","39,745","38,950","6,469","789","1,965","1,593","106","176",,"2,003","91,796","156,386"
"14","JALISCO","6","Zapopan","119","289","43,907","40,267","10,418","575","1,541","5,675","209","497","35","2,522","105,646","170,165"
"14","JALISCO","7","Tonalá","145","332","45,114","44,139","14,222","759","1,718","5,826","294","2,340","18","3,579","118,009","189,390"
"14","JALISCO","8","Guadalajara","166","332","62,038","36,210","12,641","516","1,362","6,100","235","623","22","2,192","121,939","182,548"
"14","JALISCO","9","Guadalajara","140","317","44,490","33,148","11,703","968","1,194","4,604","274","605","5","2,847","99,838","172,894"
"14","JALISCO","10","Zapopan","109","267","63,249","23,542","9,202","385","699","5,514","119","311","14","1,294","104,329","161,182"
"14","JALISCO","11","Guadalajara","155","318","53,666","39,296","11,864","826","1,361","6,526","249","821","15","2,991","117,615","176,510"
"14","JALISCO","12","Guadalajara","186","351","66,737","30,358","11,077","461","1,103","6,221","179","528","10","2,037","118,711","184,040"
"14","JALISCO","13","Guadalajara","183","339","57,017","39,052","11,606","553","1,293","6,320","243","734","10","2,786","119,614","179,870"
"14","JALISCO","14","Guadalajara","149","318","52,996","37,241","14,373","1,062","1,994","7,249","275","770","56","3,670","119,686","180,116"
"14","JALISCO","15","La Barca","200","359","42,578","43,018","17,062","576","965","3,240","206","1,459","2","3,200","112,306","185,681"
"14","JALISCO","16","Tlaquepaque","152","351","60,314","45,440","12,640","1,158","1,658","6,279","345","1,098","13","3,976","132,921","201,719"
"14","JALISCO","17","Jocotepec","194","378","46,004","44,804","14,478","1,099","1,542","3,719","438","577","24","3,041","115,726","193,176"
"14","JALISCO","18","Autlán de Navarro","224","352","26,442","41,586","20,890","3,990","961","2,971","220","401","11","2,812","100,284","174,178"
"14","JALISCO","19","Ciudad Guzmán","249","400","41,080","43,704","19,705","1,801","1,643","3,269","277","731","10","3,399","115,619","187,664"
"15","MEXICO","1","Atlacomulco de Fabela","213","359","18,217","55,954","15,346","649","1,034","2,413","347","355","256","4,229","98,800","162,111"
"15","MEXICO","2","Zumpango de Ocampo","170","335","16,060","36,566","37,646","629","1,027","3,901","156","373","13","1,923","98,294","182,431"
"15","MEXICO","3","San Felipe del Progreso","174","293","15,676","40,044","11,724","783","1,692","1,133","406","304","23","5,506","77,291","139,162"
"15","MEXICO","4","Nicolás Romero","157","353","38,150","49,583","16,244","938","1,133","5,274","265","763","30","3,428","115,808","193,806"
"15","MEXICO","5","Teotihuacan","209","399","26,712","49,312","39,864","1,479","1,397","5,007","222","530","29","2,801","127,353","208,258"
"15","MEXICO","6","Coacalco de Berriozabal","152","323","30,746","37,243","30,624","989","1,215","8,366","334","878","13","1,901","112,309","182,367"
"15","MEXICO","7","Cuautitilán Izcalli","220","433","49,321","39,545","40,123","1,246","2,763","11,857","478","1,227","35","2,654","149,249","240,554"
"15","MEXICO","8","Tultitlán de Mariano Escobedo","199","405","31,438","36,898","50,279","1,589","1,694","10,512","338","791","13","3,021","136,573","229,559"
"15","MEXICO","9","Ixtlahuaca de Rayón","166","309","6,733","49,274","26,198","1,063","1,014","2,399","761","566","528","4,204","92,740","158,953"
"15","MEXICO","10","Ecatepec de Morelos","163","389","21,022","37,117","54,673","2,238","2,875","10,107","440","1,316","17","3,411","133,216","222,712"
"15","MEXICO","11","Ecatepec de Morelos","150","351","18,746","32,035","46,408","2,237","1,741","10,262","340","912","64","2,702","115,447","203,278"
"15","MEXICO","12","Texcoco de Mora","194","422","13,397","44,724","60,156","1,614","1,918","8,117","266","744","22","3,629","134,587","230,217"
"15","MEXICO","13","Ecatepec de Morelos","152","362","17,582","30,700","53,907","3,438","2,007","10,857","371","953","49","3,497","123,361","215,087"
"15","MEXICO","14","Atizapán de Zaragoza","167","413","55,836","40,698","32,504","1,638","1,699","9,202","292","875","23","2,714","145,481","241,211"
"15","MEXICO","15","Tlalnepantla de Baz","130","281","40,534","34,077","17,670","808","741","5,160","171","450","15","1,814","101,440","158,549"
"15","MEXICO","16","Tlalnepantla de Baz","130","283","19,421","33,450","30,514","1,426","1,414","6,314","260","709","13","2,239","95,760","161,221"
"15","MEXICO","17","Ecatepec de Morelos","183","367","18,092","30,081","53,763","2,762","1,836","10,774","313","919","14","3,063","121,617","209,256"
"15","MEXICO","18","Huixquilucan de Degollado","124","263","14,850","32,794","31,004","828","873","5,462","306","695","4","1,952","88,768","146,501"
"15","MEXICO","19","Tlalnepantla de Baz","120","274","33,593","24,413","26,260","1,018","971","7,203","231","535","26","2,113","96,363","152,896"
"15","MEXICO","20","Ciudad Nezahualcóyotl","139","297","13,125","24,185","52,696","2,016","1,237","8,722","269","640","24","2,549","105,463","171,206"
"15","MEXICO","21","Naucalpan de Juárez","167","321","45,359","27,811","21,284","852","1,076","8,476","239","489","20","1,916","107,522","179,745"
"15","MEXICO","22","Naucalpan de Juárez","157","325","24,240","36,968","26,688","1,001","1,643","8,073","290","695","17","2,256","101,871","179,249"
"15","MEXICO","23","Valle de Bravo","167","289","14,288","39,696","17,713","1,021","1,179","2,757","430","797","45","3,323","81,249","139,658"
"15","MEXICO","24","Naucalpan de Juárez","139","305","17,898","38,830","29,896","1,452","1,917","8,246","713","762","20","2,807","102,541","177,265"
"15","MEXICO","25","Chimalhuacán","170","389","12,939","43,920","55,479","1,791","1,981","8,967","415","837","65","4,990","131,384","228,424"
"15","MEXICO","26","Toluca de Lerdo","146","306","20,039","52,047","26,373","1,047","1,747","6,290","687","1,268","28","3,406","112,932","176,319"
"15","MEXICO","27","Metepec","181","368","25,853","48,629","36,399","1,002","3,260","6,417","423","623","33","2,885","125,524","203,190"
"15","MEXICO","28","Ciudad Nezahualcóyotl","138","302","8,947","25,229","50,745","1,245","1,237","7,257","298","625","16","2,683","98,282","167,371"
"15","MEXICO","29","Ciudad Nezahualcóyotl","132","284","10,454","23,301","45,247","1,277","1,299","8,112","319","551","10","2,276","92,846","159,766"
"15","MEXICO","30","Ciudad Nezahualcóyotl","127","289","7,448","25,460","51,359","1,280","1,477","8,096","294","787","30","2,651","98,882","168,310"
"15","MEXICO","31","Ciudad Nezahualcóyotl","134","299","6,436","25,760","54,749","1,000","1,359","7,293","350","739","13","2,644","100,343","166,565"
"15","MEXICO","32","Valle de Chalco Solidaridad","180","390","12,191","39,200","63,146","3,425","2,443","9,035","377","878","24","4,441","135,160","224,197"
"15","MEXICO","33","Chalco de Díaz Covarrubias","185","381","12,346","39,943","41,713","2,101","2,236","8,274","355","851","22","3,190","111,031","203,464"
"15","MEXICO","34","Toluca de Lerdo","128","280","23,608","38,824","23,789","825","1,804","8,402","622","758","34","2,518","101,184","157,682"
"15","MEXICO","35","Tenancingo de Degollado","188","365","17,998","42,660","21,021","864","2,091","3,106","197","548","8","2,355","90,848","183,763"
"15","MEXICO","36","Tejupilco de Hidalgo","263","393","6,421","46,106","18,938","3,282","953","1,781","154","325","63","2,450","80,473","163,152"
"16","MICHOACAN","1","La Piedad","190","292","13,413","30,280","30,394","477","444","1,378","92","232","13","1,796","78,519","147,530"
"16","MICHOACAN","2","Puruándiro","187","311","7,115","27,500","36,281","343","1,724","1,028","155","495","13","2,061","76,715","153,647"
"16","MICHOACAN","3","Zitácuaro","231","358","12,992","38,222","32,307","1,260","1,579","1,740","199","780","161","3,313","92,553","170,198"
"16","MICHOACAN","4","Jiquilpan","248","383","25,201","36,773","29,728","554","650","1,815","148","263","31","2,352","97,515","173,967"
"16","MICHOACAN","5","Zamora","203","353","25,768","28,048","30,513","744","751","1,821","146","451","8","2,446","90,696","176,332"
"16","MICHOACAN","6","Ciudad Hidalgo","219","341","13,328","27,165","24,848","796","834","1,386","149","1,702","16","2,118","72,342","153,648"
"16","MICHOACAN","7","Zacapu","207","333","10,681","29,674","37,839","520","967","2,128","305","1,311","280","2,427","86,132","167,576"
"16","MICHOACAN","8","Morelia","167","313","19,307","26,066","30,115","1,430","2,405","4,154","239","971","362","2,279","87,328","163,478"
"16","MICHOACAN","9","Uruapan","199","361","17,971","33,114","39,983","660","1,393","3,450","182","1,222","13","2,730","100,718","186,354"
"16","MICHOACAN","10","Morelia","180","331","24,015","26,491","28,608","939","1,833","4,537","251","796","19","2,117","89,606","164,007"
"16","MICHOACAN","11","Tacámbaro","260","353","7,421","29,294","29,636","484","636","955","164","1,876","14","2,569","73,049","156,444"
"16","MICHOACAN","12","Apatzingán","223","352","4,188","30,388","51,624","640","272","658","92","418","12","1,783","90,075","166,149"
"16","MICHOACAN","13","Lázaro Cárdenas","158","302","11,345","20,402","30,373","964","515","781","79","232","20","1,379","66,090","136,695"
"17","MORELOS","1","Cuernavaca","214","421","30,544","47,957","39,425","1,224","1,825","5,620","375","459","38","2,935","130,402","220,332"
"17","MORELOS","2","Yautepec","236","463","21,395","39,275","53,102","1,315","2,050","5,861","297","527","25","3,250","127,097","245,249"
"17","MORELOS","3","Cuautla","237","428","8,275","39,156","44,405","997","2,887","3,535","225","370","22","2,211","102,083","220,531"
"17","MORELOS","4","Jojutla","219","388","9,505","34,015","39,471","1,446","1,633","2,609","195","480","20","2,605","91,979","194,759"
"18","NAYARIT","1","Santiago Ixcuintla","333","407","16,333","47,584","19,450","343","2,775","675","555","291","16","1,821","89,843","170,648"
"18","NAYARIT","2","Tepic","244","373","21,410","44,453","24,723","563","1,964","2,367","424","379","4","2,252","98,539","182,981"
"18","NAYARIT","3","Compostela","299","389","26,429","47,487","12,701","550","1,008","1,079","491","280","11","2,196","92,232","166,862"
"19","NUEVO LEON","1","Santa Catarina","196","400","74,555","55,959","5,191","271","4,937","1,739","137","635","19","3,045","146,488","224,854"
"19","NUEVO LEON","2","Apodaca","303","483","59,848","75,481","2,894","424","7,430","1,148","251","239","42","3,904","151,661","240,376"
"19","NUEVO LEON","3","San Nicolás de los Garza","151","338","59,322","46,693","3,400","361","7,351","1,444","146","186","17","2,354","121,274","193,025"
"19","NUEVO LEON","4","San Nicolás de los Garza","151","347","77,839","35,322","3,483","322","6,386","1,420","160","218",,"2,245","127,395","198,509"
"19","NUEVO LEON","5","Monterrey","133","324","33,136","56,420","2,204","326","16,012","1,008","286","229","16","3,740","113,377","191,166"
"19","NUEVO LEON","6","Monterrey","132","300","64,556","36,127","4,787","321","7,340","1,938","150","228","17","1,750","117,214","172,109"
"19","NUEVO LEON","7","Monterrey","291","397","58,945","44,545","3,723","279","6,406","1,415","193","322","32","2,682","118,542","186,651"
"19","NUEVO LEON","8","Guadalupe","135","310","59,830","39,054","3,163","364","4,542","1,115","154","233","9","2,250","110,714","183,218"
"19","NUEVO LEON","9","Linares","297","436","49,424","67,253","2,136","463","7,454","851","236","397","9","4,857","133,080","203,432"
"19","NUEVO LEON","10","Monterrey","169","317","60,119","40,984","4,261","290","4,245","1,397","184","500","16","2,171","114,167","171,242"
"19","NUEVO LEON","11","Guadalupe","144","333","64,754","44,389","4,179","300","5,094","1,121","144","329","6","2,497","122,813","196,653"
"20","OAXACA","1","San Juan Bautista Tuxtepec","213","339","26,625","46,021","13,335","2,445","2,895","2,102","264","402","14","3,202","97,305","172,437"
"20","OAXACA","2","Teotitlán de Flores Magón","220","317","4,881","33,342","16,365","1,208","1,131","1,475","1,092","258","305","4,225","64,282","139,147"
"20","OAXACA","3","Huajuapan de León","289","336","8,527","29,020","17,414","752","760","1,025","216","196","50","2,674","60,634","126,252"
"20","OAXACA","4","Ixtlán de Juárez","231","322","4,946","36,594","16,919","1,150","1,773","1,101","727","327","58","3,359","66,954","142,614"
"20","OAXACA","5","Santo Domingo Tehuantepec","194","329","1,924","40,709","32,427","1,440","669","707","510","136","20","3,572","82,114","160,021"
"20","OAXACA","6","Heroica Ciudad de Tlaxiaco","229","279","2,883","27,085","19,512","749","1,109","1,083","371","274","24","3,326","56,416","121,035"
"20","OAXACA","7","Juchitán de Zaragoza","249","373","5,864","53,503","38,950","381","505","685","211","103","10","2,130","102,342","181,158"
"20","OAXACA","8","Oaxaca de Juárez","231","436","29,852","42,359","33,715","962","2,022","4,674","467","577","325","2,960","117,913","226,708"
"20","OAXACA","9","Zimatlán de Alvarez","181","270","6,203","27,460","18,548","753","1,298","1,473","317","335","320","2,731","59,438","132,860"
"20","OAXACA","10","Miahuatlán de Porfirio Díaz","225","312","6,373","34,401","16,344","607","1,421","1,280","321","364","366","4,559","66,036","144,882"
"20","OAXACA","11","Santiago Pinotepa Nacional","185","279","4,901","34,734","26,485","508","760","861","164","297","148","4,139","72,997","137,825"
"21","PUEBLA","1","Huauchinango","176","326","15,603","36,881","11,633","1,064","1,191","1,084","143","228","22","3,840","71,689","154,522"
"21","PUEBLA","2","Zacatlán","173","307","7,933","47,846","16,718","687","1,325","1,422","306","310","20","5,263","81,830","150,432"
"21","PUEBLA","3","Teziutlán","193","345","12,946","42,324","12,057","754","1,767","2,089","2,867","544","35","3,925","79,308","169,271"
"21","PUEBLA","4","Libres","142","253","12,175","39,196","9,820","571","817","1,243","177","236","25","3,738","67,998","125,087"
"21","PUEBLA","5","San Martín Texmelucan","179","346","28,164","39,610","15,876","1,199","4,112","3,687","194","388","4","3,038","96,272","189,123"
"21","PUEBLA","6","Heroica Puebla de Zaragoza","166","340","32,739","44,398","17,596","904","1,689","5,887","304","479","13","3,471","107,480","187,703"
"21","PUEBLA","7","Tepeaca","138","280","15,767","27,671","13,092","602","442","1,464","140","134","13","1,741","61,066","148,833"
"21","PUEBLA","8","Ciudad Serdán","156","272","13,733","40,896","12,710","495","758","1,244","170","308","34","2,810","73,158","133,934"
"21","PUEBLA","9","Heroica Puebla de Zaragoza","182","346","35,172","41,012","18,375","1,398","3,067","6,367","337","506","38","3,346","109,618","188,838"
"21","PUEBLA","10","Atlixco","187","336","29,946","32,946","14,565","516","987","3,693","175","313","11","2,305","85,457","170,832"
"21","PUEBLA","11","Heroica Puebla de Zaragoza","163","333","39,633","41,710","17,451","815","1,435","6,791","360","462","26","2,885","111,568","184,488"
"21","PUEBLA","12","Heroica Puebla de Zaragoza","166","315","34,534","39,230","19,120","679","1,491","6,232","252","451","18","2,944","104,951","171,971"
"21","PUEBLA","13","Acatlán de Osorio","172","280","6,217","43,498","11,344","465","439","640","122","128","66","2,259","65,178","122,700"
"21","PUEBLA","14","Izúcar de Matamoros","161","270","4,110","28,812","15,609","444","553","1,105","160","185","9","1,813","52,800","126,230"
"21","PUEBLA","15","Tehuacán","194","354","23,548","46,202","13,987","960","1,017","2,682","354","272","21","4,934","93,977","174,508"
"22","QUERETARO","1","Cadereyta de Montes","215","378","34,047","56,731","11,865","3,944","1,921","1,585","621","436","19","4,882","116,051","172,774"
"22","QUERETARO","2","San Juan del Río","182","348","53,892","49,661","11,374","4,847","3,114","3,074","596","535","24","4,547","131,664","192,804"
"22","QUERETARO","3","Querétaro","146","307","57,155","35,074","10,655","2,009","3,044","3,455","911","609","18","3,180","116,110","169,796"
"22","QUERETARO","4","Querétaro","144","283","62,194","26,456","8,873","1,673","1,852","3,727","407","532","10","2,244","107,968","153,240"
"23","QUINTANA ROO","1","Cancún","235","407","24,289","40,853","22,243","456","954","2,727","171","168","10","1,913","93,784","214,412"
"23","QUINTANA ROO","2","Chetumal","208","321","15,174","38,350","17,396","1,040","2,929","1,664","213","232","22","2,746","79,766","149,319"
"24","SAN LUIS POTOSI","1","Matehuala","323","399","32,766","41,675","9,650","181","6,366","661","90","2,389","101","3,500","97,379","156,926"
"24","SAN LUIS POTOSI","2","Soledad de Graciano Sánchez","291","409","47,446","46,082","7,165","383","1,080","1,650","198","758","376","3,978","109,116","185,512"
"24","SAN LUIS POTOSI","3","Río Verde","319","408","36,058","44,364","12,060","196","287","2,302","151","334","48","3,532","99,332","159,572"
"24","SAN LUIS POTOSI","4","Ciudad Valles","261","368","21,380","46,044","16,750","247","12,875","774","1,685","452","11","3,346","103,564","165,867"
"24","SAN LUIS POTOSI","5","San Luis Potosí","188","331","52,017","41,234","8,358","333","1,857","3,034","161","596","15","2,359","109,964","175,564"
"24","SAN LUIS POTOSI","6","San Luis Potosí","167","329","53,586","39,715","8,996","366","1,198","3,689","339","711","40","2,718","111,358","181,331"
"24","SAN LUIS POTOSI","7","Temazunchale","244","334","22,355","46,350","12,025","355","1,488","510","366","957","60","9,739","94,205","152,484"
"25","SINALOA","1","El Fuerte","591","609","22,941","46,788","22,060","645","848","725","215","179","36","2,588","97,025","165,733"
"25","SINALOA","2","Los Mochis","455","487","51,091","47,047","11,461","478","2,785","1,209","175","206","11","1,799","116,262","197,778"
"25","SINALOA","3","Navolato","482","502","24,193","41,751","18,566","1,203","508","652","249","264","186","2,200","89,772","145,252"
"25","SINALOA","4","Guasave","438","445","22,311","36,841","34,655","679","1,093","644","112","404","362","1,539","98,640","152,731"
"25","SINALOA","5","Culiacán","499","525","34,514","42,553","21,992","657","1,719","2,585","387","459","30","1,845","106,741","189,054"
"25","SINALOA","6","Mazatlán","454","495","19,761","43,348","17,409","347","1,240","1,072","700","235","13","2,005","86,130","156,626"
"25","SINALOA","7","Culiacán","516","528","30,857","46,183","21,260","610","1,308","2,251","295","390","14","2,024","105,192","193,341"
"25","SINALOA","8","Mazatlán","346","382","27,603","27,097","28,848","965","2,425","3,155","740","355","4","2,118","93,310","169,021"
"26","SONORA","1","San Luis Río Colorado","206","351","49,305","40,462","10,726","294","2,783","551","149","122","6","2,603","107,001","169,749"
"26","SONORA","2","Magdalena de Kino","234","396","44,027","52,383","16,368","177","4,769","1,038","87","262","21","2,688","121,820","197,387"
"26","SONORA","3","Hermosillo","130","284","43,875","34,029","11,326","426","1,590","1,329","186","684","8","1,903","95,356","159,658"
"26","SONORA","4","Guaymas","185","312","15,333","34,718","34,113","470","1,339","673","175","266","5","2,374","89,466","143,555"
"26","SONORA","5","Hermosillo","152","304","37,159","36,453","13,004","297","1,595","1,197","179","618","3","1,838","92,343","158,020"
"26","SONORA","6","Ciudad Obregón","219","401","25,623","27,190","64,676","1,205","843","969","188","185","9","2,540","123,428","205,434"
"26","SONORA","7","Navojoa","201","373","10,551","47,162","48,780","335","1,062","265","69","98","12","2,615","110,949","189,308"
"27","TABASCO","1","Frontera","241","366","3,945","52,809","37,050","397","935","826","94","131","15","2,795","98,997","167,253"
"27","TABASCO","2","Cárdenas","219","368","2,232","47,983","47,823","507","926","838","96","128","9","3,162","103,704","183,627"
"27","TABASCO","3","Comalcalco","193","341","3,451","49,537","43,224","224","767","778","87","131","11","2,721","100,931","173,499"
"27","TABASCO","4","Villahermosa","160","294","6,806","42,708","31,991","388","1,602","1,247","170","133","23","1,939","87,007","150,925"
"27","TABASCO","5","Macuspana","163","272","2,401","39,270","30,182","186","634","569","96","212","13","2,884","76,447","132,275"
"27","TABASCO","6","Villahermosa","157","290","5,909","41,589","25,823","339","1,431","1,286","221","160","7","2,109","78,874","149,154"
"28","TAMAULIPAS","1","Nuevo Laredo","221","389","16,998","54,553","19,354","692","818","1,514","160","317","14","3,034","97,454","201,941"
"28","TAMAULIPAS","2","Reynosa","204","384","10,803","41,885","33,100","753","2,436","2,106","153","772","13","3,364","95,385","205,674"
"28","TAMAULIPAS","3","San Fernando","260","399","7,129","44,995","43,382","608","756","494","121","127","32","3,116","100,760","174,586"
"28","TAMAULIPAS","4","H. Matamoros","212","419","35,367","54,099","14,399","399","2,781","1,750","140","355","8","3,431","112,729","217,674"
"28","TAMAULIPAS","5","Ciudad Victoria","237","414","27,831","58,933","16,398","670","3,177","1,372","421","752","113","2,309","111,976","191,770"
"28","TAMAULIPAS","6","El Mante","214","344","18,444","46,207","14,612","332","1,366","688","116","161","15","2,083","84,024","156,048"
"28","TAMAULIPAS","7","Ciudad Madero","196","370","7,340","36,273","59,110","1,217","1,867","1,505","158","305","4","2,317","110,096","188,777"
"28","TAMAULIPAS","8","Tampico","193","370","25,058","46,502","13,520","321","18,895","1,285","204","276","13","1,938","108,012","192,942"
"29","TLAXCALA","1","Apizaco","236","348","17,457","40,469","17,402","1,046","5,938","3,497","285","2,268","21","3,471","91,854","164,704"
"29","TLAXCALA","2","Tlaxcala","204","336","13,971","34,823","22,239","950","4,538","4,136","271","950","7","2,636","84,521","164,573"
"29","TLAXCALA","3","Chiautempan","165","318","16,027","29,780","18,253","560","2,819","2,625","246","1,808","28","1,765","73,911","169,272"
"30","VERACRUZ","1","Pánuco","247","350","9,943","38,467","23,520","1,270","2,380","1,035","677","488","8","2,760","80,548","156,570"
"30","VERACRUZ","2","Chicontepec de Tejeda","185","282","14,300","29,105","14,392","1,453","2,809","729","299","911","44","3,710","67,752","127,198"
"30","VERACRUZ","3","Tuxpan de Rodríguez Cano","159","284","21,293","41,176","14,998","1,371","1,166","1,184","314","410","7","2,479","84,398","145,301"
"30","VERACRUZ","4","Alamo","175","273","14,067","26,971","19,028","2,128","1,029","785","749","331","15","2,597","67,700","130,672"
"30","VERACRUZ","5","Poza Rica de Hidalgo","188","358","9,253","43,965","32,261","2,622","2,951","1,965","348","290","9","3,443","97,107","186,589"
"30","VERACRUZ","6","Papantla de Olarte","149","285","8,572","28,285","17,122","1,722","9,052","755","1,348","233","18","2,700","69,807","136,159"
"30","VERACRUZ","7","Martínez de la Torre","239","363","16,807","36,415","23,011","2,876","1,559","1,468","665","212","175","2,266","85,454","168,001"
"30","VERACRUZ","8","Misantla","215","310","10,148","31,007","21,262","1,595","734","1,228","102","162","9","1,833","68,080","138,075"
"30","VERACRUZ","9","Perote","155","267","13,722","34,131","13,582","674","1,231","1,592","2,085","318","104","2,644","70,083","129,474"
"30","VERACRUZ","10","Xalapa","253","433","26,938","42,999","37,784","961","1,491","6,222","438","408","20","2,496","119,757","219,619"
"30","VERACRUZ","11","Coatepec","203","327","18,547","35,841","24,969","993","1,096","2,508","190","233","9","2,048","86,434","155,672"
"30","VERACRUZ","12","Veracruz","284","516","34,531","49,836","52,464","1,497","2,158","3,518","273","356","14","2,671","147,318","269,588"
"30","VERACRUZ","13","Huatusco","167","295","22,272","44,752","19,779","879","685","1,107","419","661","37","3,357","93,948","149,818"
"30","VERACRUZ","14","Boca del Río","228","386","37,546","47,185","15,403","992","2,935","1,893","373","200","8","2,919","109,454","192,056"
"30","VERACRUZ","15","Orizaba","240","406","38,179","48,893","21,631","1,719","1,082","7,661","502","842","27","3,870","124,406","205,473"
"30","VERACRUZ","16","Córdoba","225","402","55,180","50,557","11,519","2,940","1,593","2,533","517","325","14","2,668","127,846","202,764"
"30","VERACRUZ","17","Cosamaloapan","217","335","30,032","38,846","18,144","995","1,443","1,028","432","199","29","2,696","93,844","165,465"
"30","VERACRUZ","18","Zongolica","172","265","13,483","32,725","14,539","668","915","1,240","319","217","43","4,598","68,747","130,267"
"30","VERACRUZ","19","San Andrés Tuxtla","205","376","5,891","40,171","30,622","1,182","707","915","158","125","16","2,309","82,096","192,225"
"30","VERACRUZ","20","Acayucan","201","361","19,519","38,158","22,318","858","2,224","1,079","687","168","178","3,187","88,376","176,993"
"30","VERACRUZ","21","Cosoleacaque","215","340","8,706","39,539","32,734","868","1,618","973","524","217","236","3,030","88,445","162,246"
"30","VERACRUZ","22","Coatzacoalcos","218","396","8,602","40,772","51,646","1,325","1,667","2,249","440","211","20","2,452","109,384","205,305"
"30","VERACRUZ","23","Minatitlán","169","319","4,724","34,060","17,742","893","18,720","1,217","584","200","46","2,551","80,737","164,586"
"31","YUCATAN","1","Valladolid","232","341","23,094","56,599","5,681","234","669","516","70","134","14","2,117","89,128","159,466"
"31","YUCATAN","2","Progreso","211","339","24,590","52,319","7,772","288","694","1,079","109","89","10","2,473","89,423","164,529"
"31","YUCATAN","3","Mérida","204","368","56,389","41,755","8,034","382","1,229","3,194","155","230","9","3,657","115,034","188,731"
"31","YUCATAN","4","Mérida","199","352","63,010","38,569","8,567","361","1,404","2,778","188","367","15","2,995","118,254","183,512"
"31","YUCATAN","5","Ticul","208","336","20,683","59,539","5,942","151","387","397","67","80","10","1,960","89,216","159,481"
"32","ZACATECAS","1","Fresnillo","450","490","21,404","49,516","9,021","486","10,226","1,648","302","232","47","2,340","95,222","164,219"
"32","ZACATECAS","2","Sombrerete","315","330","14,734","32,904","15,427","246","4,016","894","219","126","22","1,664","70,252","127,715"
"32","ZACATECAS","3","Zacatecas","308","381","25,656","44,801","10,999","585","5,806","2,206","1,172","522","16","1,877","93,640","156,972"
"32","ZACATECAS","4","Guadalupe","356","415","19,519","44,643","17,306","636","4,127","1,904","938","326","26","2,840","92,265","168,973"
"32","ZACATECAS","5","Juchipila","443","466","26,615","38,902","5,702","218","2,697","1,021","175","210","17","2,077","77,634","137,073"